,Customer Id,Claim
0,H11920,1
1,H11921,1
2,H9805,0
3,H7493,0
4,H7494,1
5,H10545,1
6,H8962,1
7,H1015,0
8,H9710,0
9,H9029,0
10,H11274,1
11,H10785,1
12,H10786,0
13,H882,0
14,H10742,0
15,H12485,0
16,H10972,0
17,H10974,0
18,H10975,0
19,H10925,1
20,H11877,0
21,H8645,0
22,H10692,0
23,H10877,0
24,H10905,1
25,H10906,1
26,H11124,0
27,H11125,0
28,H11242,1
29,H11281,1
30,H11550,1
31,H12562,1
32,H12563,0
33,H7507,1
34,H7646,1
35,H8315,0
36,H8494,0
37,H8526,1
38,H8534,1
39,H8535,1
40,H8536,0
41,H8537,0
42,H8538,1
43,H8539,1
44,H8540,1
45,H8544,0
46,H8545,1
47,H8546,1
48,H8547,1
49,H8548,0
50,H8550,0
51,H8551,0
52,H8552,0
53,H8553,0
54,H8557,0
55,H8562,1
56,H8564,0
57,H8565,0
58,H8567,0
59,H8569,0
60,H8571,0
61,H8572,0
62,H8573,0
63,H8576,0
64,H8577,0
65,H8578,0
66,H859,0
67,H8603,1
68,H8641,0
69,H9799,0
70,H9902,0
71,H8312,0
72,H8477,1
73,H9437,1
74,H10638,1
75,H10963,0
76,H10964,0
77,H11375,1
78,H12174,0
79,H12176,1
80,H12199,0
81,H8474,1
82,H8475,0
83,H8855,0
84,H8877,1
85,H968,0
86,H969,1
87,H970,1
88,H12034,0
89,H1056,0
90,H11679,1
91,H11680,0
92,H10118,0
93,H10983,0
94,H11275,0
95,H11562,1
96,H11651,1
97,H12006,0
98,H7504,0
99,H7505,0
100,H7540,1
101,H7560,1
102,H7561,1
103,H8163,1
104,H8166,1
105,H8486,0
106,H8487,0
107,H8488,0
108,H8492,1
109,H8493,1
110,H8496,0
111,H8497,0
112,H8499,0
113,H8501,1
114,H8502,1
115,H8504,0
116,H8505,0
117,H8506,0
118,H8507,0
119,H8511,1
120,H8513,1
121,H8514,1
122,H8517,0
123,H8518,0
124,H8519,0
125,H8522,1
126,H8523,1
127,H8532,1
128,H8559,0
129,H8561,0
130,H8600,1
131,H8601,1
132,H8602,0
133,H8692,0
134,H8703,0
135,H8704,0
136,H9159,0
137,H9160,0
138,H9161,0
139,H9961,0
140,H10341,0
141,H10342,0
142,H11313,1
143,H11898,0
144,H12565,0
145,H8164,1
146,H8165,1
147,H8491,0
148,H8495,1
149,H8515,1
150,H8516,1
151,H8531,0
152,H8541,0
153,H8691,0
154,H997,1
155,H11254,0
156,H12166,0
157,H8776,0
158,H11159,0
159,H10064,1
160,H10942,1
161,H10944,0
162,H11381,0
163,H8542,0
164,H11339,1
165,H10019,1
166,H10283,0
167,H10101,0
168,H10700,1
169,H10744,0
170,H10768,0
171,H10850,1
172,H10851,1
173,H10981,1
174,H11073,1
175,H11361,0
176,H11549,0
177,H11688,0
178,H11689,0
179,H11767,0
180,H11768,0
181,H11937,0
182,H12177,0
183,H12425,1
184,H12426,0
185,H7541,0
186,H7548,1
187,H7757,1
188,H7764,1
189,H7765,1
190,H7784,0
191,H7785,0
192,H7803,0
193,H7924,0
194,H8763,0
195,H8764,0
196,H8811,1
197,H8812,0
198,H8813,0
199,H8816,1
200,H8817,1
201,H8818,1
202,H8821,0
203,H8822,1
204,H8827,1
205,H8834,0
206,H8836,0
207,H8837,1
208,H8839,1
209,H8840,0
210,H8841,0
211,H8842,0
212,H8843,0
213,H8848,0
214,H8849,1
215,H8850,0
216,H8851,0
217,H8854,0
218,H8857,1
219,H8859,0
220,H8862,0
221,H8863,0
222,H8864,1
223,H8866,0
224,H8868,0
225,H8871,0
226,H8872,1
227,H8873,1
228,H8874,1
229,H8875,0
230,H8879,1
231,H8880,1
232,H8881,0
233,H8882,1
234,H8883,0
235,H8884,0
236,H8885,0
237,H8886,0
238,H8889,0
239,H8890,0
240,H8891,0
241,H8892,0
242,H8893,0
243,H8895,0
244,H8896,1
245,H8897,1
246,H8898,0
247,H8899,0
248,H8900,1
249,H8901,1
250,H8902,1
251,H8903,0
252,H8904,0
253,H8911,1
254,H8912,0
255,H8913,0
256,H8914,0
257,H8916,1
258,H8918,0
259,H8920,0
260,H8921,0
261,H8925,0
262,H8926,0
263,H8927,0
264,H8928,0
265,H8930,1
266,H8935,0
267,H8936,1
268,H8937,1
269,H8938,1
270,H8939,1
271,H8940,0
272,H8942,0
273,H8946,1
274,H8947,0
275,H9208,0
276,H950,1
277,H951,1
278,H9513,1
279,H9515,1
280,H11569,0
281,H12453,0
282,H12454,1
283,H10406,1
284,H10766,1
285,H10789,0
286,H10985,0
287,H11013,0
288,H11014,0
289,H11036,0
290,H11206,1
291,H11667,0
292,H11712,0
293,H11913,0
294,H12103,0
295,H12114,0
296,H12160,1
297,H12161,1
298,H12162,1
299,H12212,1
300,H12491,1
301,H748,1
302,H76,1
303,H7689,0
304,H8302,1
305,H8304,0
306,H8305,0
307,H8306,1
308,H8307,1
309,H8313,1
310,H8318,1
311,H8365,0
312,H8366,0
313,H8367,0
314,H8462,1
315,H8465,0
316,H8594,0
317,H8596,1
318,H8727,0
319,H8728,0
320,H8729,0
321,H8731,0
322,H8733,1
323,H8735,1
324,H8737,0
325,H8741,0
326,H8746,0
327,H8747,1
328,H8748,0
329,H8749,1
330,H8750,0
331,H8752,0
332,H8754,0
333,H8756,1
334,H8757,0
335,H8758,0
336,H8759,1
337,H8760,1
338,H8761,0
339,H8762,0
340,H8767,0
341,H8773,0
342,H8774,0
343,H8775,0
344,H8777,0
345,H8780,0
346,H8782,0
347,H8783,0
348,H8784,0
349,H8786,0
350,H8828,1
351,H9140,0
352,H9141,1
353,H9142,0
354,H9143,0
355,H9145,1
356,H9147,1
357,H9148,1
358,H9149,1
359,H9151,1
360,H9152,0
361,H9153,0
362,H9154,0
363,H9155,0
364,H9206,0
365,H9207,0
366,H9436,1
367,H9439,0
368,H9440,0
369,H9441,0
370,H9442,0
371,H9443,0
372,H9444,0
373,H9445,1
374,H9447,0
375,H9740,0
376,H9851,0
377,H9948,1
378,H11990,0
379,H10991,1
380,H10992,0
381,H11052,0
382,H11830,1
383,H7616,0
384,H7905,0
385,H8814,0
386,H8823,0
387,H8824,0
388,H8825,1
389,H8831,0
390,H8835,0
391,H8838,0
392,H8852,1
393,H8860,1
394,H8908,0
395,H8910,0
396,H8923,0
397,H8931,0
398,H8932,1
399,H949,0
400,H8455,0
401,H8456,0
402,H8457,0
403,H8458,1
404,H8579,1
405,H8580,0
406,H8581,0
407,H8582,0
408,H8586,0
409,H8587,0
410,H8590,0
411,H8592,0
412,H8593,0
413,H8595,1
414,H8751,0
415,H9981,1
416,H9982,1
417,H8809,1
418,H8810,1
419,H8521,0
420,H8725,0
421,H8726,0
422,H8844,0
423,H8845,1
424,H8887,1
425,H9259,0
426,H8710,1
427,H11551,0
428,H12448,0
429,H12449,0
430,H7480,1
431,H7482,1
432,H8527,1
433,H8528,0
434,H8529,1
435,H10166,1
436,H12328,0
437,H749,1
438,H8489,0
439,H10982,0
440,H11284,1
441,H12501,0
442,H7871,0
443,H8310,0
444,H8314,0
445,H8460,0
446,H8461,0
447,H8463,1
448,H8464,1
449,H8466,0
450,H8468,0
451,H8471,0
452,H8472,0
453,H8476,0
454,H8478,1
455,H8480,0
456,H8482,0
457,H8483,0
458,H8484,0
459,H8485,1
460,H8739,1
461,H8743,0
462,H9928,0
463,H9929,0
464,H8510,0
465,H8738,0
466,H11464,0
467,H11465,0
468,H8618,0
469,H12170,0
470,H12171,0
471,H12384,0
472,H8054,0
473,H11385,0
474,H12452,0
475,H11415,0
476,H11639,1
477,H12376,0
478,H937,1
479,H938,0
480,H12108,0
481,H11211,0
482,H986,1
483,H7653,0
484,H12236,0
485,H10028,1
486,H10029,0
487,H10079,0
488,H10107,0
489,H10155,0
490,H10550,1
491,H10551,1
492,H1119,1
493,H1136,0
494,H11634,0
495,H12228,0
496,H12282,0
497,H7512,0
498,H7581,0
499,H9704,1
500,H9785,0
501,H9921,1
502,H9922,0
503,H9924,0
504,H9936,0
505,H9984,1
506,H9987,0
507,H9988,0
508,H10530,0
509,H10001,0
510,H10131,0
511,H10715,1
512,H11118,0
513,H11119,0
514,H11773,0
515,H11927,1
516,H7546,0
517,H7881,0
518,H8949,1
519,H11370,0
520,H90,0
521,H9027,0
522,H10517,0
523,H12546,0
524,H12547,0
525,H11655,0
526,H12173,0
527,H10096,0
528,H10097,0
529,H10098,0
530,H12402,0
531,H9956,0
532,H9035,1
533,H9382,1
534,H9384,1
535,H10441,0
536,H8412,0
537,H10016,0
538,H10092,1
539,H10260,0
540,H10261,0
541,H10657,1
542,H11129,0
543,H11565,0
544,H11566,0
545,H11607,0
546,H12439,1
547,H7479,0
548,H7630,0
549,H79,0
550,H8400,0
551,H8401,0
552,H9554,1
553,H9687,1
554,H10521,0
555,H11740,0
556,H9969,0
557,H11793,1
558,H7853,0
559,H7499,0
560,H10063,1
561,H10146,0
562,H11673,0
563,H10402,0
564,H10403,0
565,H11948,0
566,H10010,1
567,H10089,0
568,H10099,0
569,H10105,0
570,H10125,1
571,H10137,1
572,H10138,1
573,H10139,1
574,H10185,1
575,H10343,0
576,H10666,1
577,H10679,0
578,H10680,0
579,H10890,0
580,H10891,0
581,H11190,0
582,H11390,0
583,H11401,0
584,H11402,0
585,H11772,0
586,H11787,1
587,H12113,0
588,H12143,0
589,H12184,1
590,H12346,1
591,H12420,0
592,H12466,0
593,H12601,0
594,H7660,1
595,H7661,1
596,H7865,0
597,H8414,0
598,H9170,0
599,H9212,0
600,H9219,0
601,H9220,0
602,H9563,0
603,H9587,0
604,H9602,1
605,H9609,1
606,H9610,0
607,H9635,0
608,H9636,0
609,H9735,0
610,H9736,0
611,H9737,0
612,H9745,0
613,H9798,1
614,H9830,0
615,H9834,0
616,H9835,0
617,H10121,0
618,H10506,0
619,H10565,0
620,H10566,0
621,H10627,0
622,H10728,0
623,H10729,0
624,H10819,0
625,H10862,0
626,H10918,0
627,H11029,0
628,H11030,0
629,H11153,0
630,H11155,0
631,H11156,0
632,H11158,0
633,H11476,0
634,H11713,1
635,H9542,0
636,H9543,0
637,H9604,1
638,H9617,0
639,H9637,0
640,H9645,0
641,H11203,0
642,H11204,0
643,H11398,0
644,H11831,0
645,H11832,1
646,H12231,1
647,H7697,0
648,H8407,1
649,H8416,0
650,H9213,0
651,H9567,1
652,H9691,1
653,H9771,0
654,H10015,0
655,H10025,1
656,H10080,1
657,H10081,0
658,H10200,1
659,H10202,1
660,H10216,0
661,H10308,0
662,H10327,1
663,H10447,1
664,H10616,0
665,H10617,0
666,H10641,0
667,H10670,0
668,H11304,0
669,H11305,0
670,H11400,0
671,H12062,0
672,H12081,0
673,H12180,1
674,H12513,0
675,H7525,0
676,H7637,0
677,H9169,0
678,H9194,0
679,H9215,0
680,H9216,0
681,H9217,0
682,H9496,0
683,H9544,0
684,H9545,0
685,H9546,0
686,H9553,1
687,H9557,1
688,H9566,0
689,H9582,1
690,H9588,0
691,H9589,0
692,H9591,0
693,H9599,1
694,H9600,1
695,H9601,1
696,H9603,1
697,H9605,0
698,H9606,0
699,H9614,0
700,H9638,1
701,H9650,0
702,H9651,0
703,H9661,0
704,H9675,0
705,H9685,0
706,H9686,0
707,H9741,0
708,H9806,1
709,H9808,0
710,H9810,1
711,H9826,1
712,H9919,0
713,H9980,0
714,H9998,0
715,H10000,0
716,H10059,0
717,H10104,1
718,H10111,0
719,H10112,0
720,H10135,1
721,H10136,0
722,H10141,0
723,H10142,0
724,H10143,0
725,H10175,1
726,H10284,0
727,H10383,0
728,H10582,0
729,H10719,0
730,H10976,0
731,H10977,0
732,H11066,0
733,H11084,0
734,H1127,0
735,H1128,0
736,H1129,0
737,H1139,0
738,H11482,0
739,H11545,0
740,H11546,0
741,H11725,0
742,H11788,0
743,H11789,0
744,H11790,0
745,H11791,0
746,H12059,0
747,H12371,0
748,H12388,0
749,H12583,0
750,H12584,1
751,H7558,0
752,H8406,1
753,H9210,0
754,H9573,1
755,H9574,1
756,H9575,1
757,H9576,1
758,H9679,0
759,H9680,1
760,H9716,0
761,H9917,1
762,H9930,1
763,H9958,1
764,H9959,0
765,H10052,1
766,H10126,0
767,H10127,1
768,H10128,1
769,H10129,1
770,H10130,1
771,H10132,0
772,H10133,0
773,H10134,1
774,H10317,0
775,H10347,0
776,H10361,1
777,H10409,1
778,H10449,0
779,H10515,0
780,H10635,1
781,H10636,1
782,H10661,0
783,H10667,0
784,H11022,0
785,H1125,0
786,H1126,0
787,H11351,1
788,H11397,0
789,H1141,1
790,H1152,0
791,H11719,0
792,H11729,1
793,H11980,0
794,H12086,0
795,H12134,0
796,H12183,0
797,H12332,0
798,H12380,0
799,H12418,0
800,H12522,0
801,H7553,0
802,H7580,0
803,H7664,0
804,H7729,0
805,H7837,0
806,H8415,0
807,H8420,0
808,H9202,0
809,H9519,1
810,H9547,0
811,H9548,0
812,H9556,0
813,H9579,0
814,H9612,1
815,H9626,1
816,H9646,0
817,H9673,0
818,H9689,1
819,H9693,0
820,H9699,1
821,H9722,1
822,H9723,1
823,H9734,0
824,H9743,0
825,H9744,0
826,H9777,0
827,H9783,0
828,H9784,1
829,H9800,0
830,H9941,1
831,H9963,0
832,H9974,0
833,H10374,0
834,H10375,0
835,H10412,0
836,H10643,1
837,H10644,1
838,H11123,0
839,H11144,0
840,H1122,0
841,H11382,0
842,H11484,0
843,H11803,0
844,H11933,0
845,H12164,0
846,H12285,0
847,H12427,0
848,H9167,0
849,H9168,0
850,H9657,0
851,H9658,0
852,H10002,0
853,H10003,0
854,H10030,1
855,H10082,0
856,H10119,0
857,H10120,0
858,H10123,1
859,H10213,1
860,H10398,1
861,H10443,1
862,H10576,0
863,H10772,1
864,H11163,0
865,H11431,1
866,H11647,0
867,H7690,1
868,H7691,0
869,H7709,0
870,H7710,0
871,H7809,1
872,H8393,1
873,H8394,1
874,H9057,0
875,H9058,0
876,H9595,1
877,H9616,0
878,H9639,0
879,H9720,1
880,H9839,0
881,H9840,0
882,H9842,0
883,H9843,0
884,H10054,0
885,H10055,0
886,H10591,0
887,H10615,1
888,H10903,1
889,H11727,0
890,H8421,1
891,H8422,1
892,H8643,1
893,H9209,0
894,H9719,0
895,H9732,0
896,H9796,1
897,H10436,0
898,H10437,0
899,H10597,0
900,H10598,0
901,H10654,1
902,H10655,0
903,H11252,0
904,H11287,0
905,H1130,0
906,H1131,0
907,H12607,0
908,H7542,0
909,H7545,0
910,H7641,0
911,H9198,1
912,H9568,1
913,H9674,1
914,H9678,0
915,H11174,0
916,H1133,0
917,H7816,0
918,H9634,0
919,H12300,0
920,H7775,0
921,H9063,0
922,H9200,0
923,H9201,1
924,H9607,0
925,H10180,1
926,H10181,1
927,H10255,0
928,H11341,1
929,H10475,1
930,H1142,0
931,H1143,0
932,H11707,0
933,H11708,0
934,H9682,0
935,H9683,0
936,H9996,0
937,H10056,0
938,H10256,1
939,H10257,1
940,H10399,0
941,H10400,1
942,H11302,0
943,H11362,1
944,H11696,1
945,H8403,0
946,H8411,0
947,H8413,0
948,H11581,0
949,H9037,0
950,H9199,0
951,H12428,1
952,H104,1
953,H105,1
954,H809,0
955,H11227,0
956,H1259,0
957,H800,1
958,H11782,0
959,H1005,0
960,H1253,0
961,H7571,0
962,H7566,0
963,H7884,0
964,H11101,0
965,H10859,0
966,H1074,0
967,H10764,0
968,H12234,0
969,H12296,1
970,H11701,0
971,H11757,1
972,H12019,1
973,H11369,1
974,H7483,0
975,H7484,0
976,H10178,0
977,H10584,0
978,H11745,0
979,H10245,1
980,H11363,0
981,H11918,0
982,H7655,0
983,H11070,0
984,H11071,0
985,H11625,0
986,H11511,1
987,H9920,0
988,H1214,0
989,H11169,0
990,H11915,0
991,H816,1
992,H817,1
993,H860,0
994,H12111,1
995,H12141,0
996,H12148,0
997,H12151,1
998,H12152,1
999,H12155,0
1000,H12156,0
1001,H7771,0
1002,H7772,0
1003,H7773,0
1004,H10522,1
1005,H10608,1
1006,H10624,1
1007,H10625,1
1008,H10649,0
1009,H109,0
1010,H11006,0
1011,H11299,0
1012,H11308,0
1013,H11309,1
1014,H7681,1
1015,H7682,0
1016,H7683,0
1017,H795,1
1018,H9729,1
1019,H9838,1
1020,H11643,0
1021,H11177,1
1022,H11652,0
1023,H7854,0
1024,H7855,0
1025,H11711,0
1026,H7932,0
1027,H8167,0
1028,H8168,1
1029,H888,0
1030,H889,0
1031,H11521,0
1032,H11522,0
1033,H792,0
1034,H793,0
1035,H10805,0
1036,H10791,1
1037,H10841,0
1038,H11716,1
1039,H11186,1
1040,H11187,1
1041,H11188,1
1042,H11189,1
1043,H11653,1
1044,H11823,0
1045,H11824,0
1046,H7786,0
1047,H8620,0
1048,H10012,0
1049,H10337,0
1050,H10671,0
1051,H10672,0
1052,H9786,0
1053,H9790,1
1054,H9960,1
1055,H10579,1
1056,H10580,1
1057,H10395,1
1058,H10396,1
1059,H11744,0
1060,H0,0
1061,H11854,1
1062,H7588,0
1063,H7589,0
1064,H7607,0
1065,H8621,1
1066,H8622,0
1067,H8624,0
1068,H89,0
1069,H1229,1
1070,H770,1
1071,H771,1
1072,H773,0
1073,H780,0
1074,H819,0
1075,H821,0
1076,H822,1
1077,H826,0
1078,H878,1
1079,H760,0
1080,H919,0
1081,H920,0
1082,H759,0
1083,H1047,0
1084,H11318,0
1085,H11319,0
1086,H11353,0
1087,H11355,0
1088,H10249,0
1089,H9759,0
1090,H9760,0
1091,H1244,0
1092,H11314,0
1093,H12003,0
1094,H8129,0
1095,H11449,0
1096,H11518,0
1097,H11519,0
1098,H11059,0
1099,H10730,0
1100,H10939,0
1101,H11291,0
1102,H11292,0
1103,H12360,0
1104,H12424,0
1105,H7576,0
1106,H7577,1
1107,H7614,0
1108,H7615,1
1109,H7791,0
1110,H1001,0
1111,H10957,0
1112,H11368,0
1113,H11978,0
1114,H12532,0
1115,H12537,0
1116,H7604,0
1117,H8130,0
1118,H8132,0
1119,H8992,0
1120,H9647,0
1121,H11329,1
1122,H11229,1
1123,H10220,0
1124,H12568,0
1125,H12569,0
1126,H12053,0
1127,H12072,1
1128,H8628,0
1129,H11268,0
1130,H11269,0
1131,H11473,0
1132,H8126,0
1133,H8128,1
1134,H11317,0
1135,H11331,0
1136,H12409,1
1137,H7675,0
1138,H12107,0
1139,H7665,1
1140,H10231,1
1141,H7844,1
1142,H10703,1
1143,H11145,0
1144,H11234,0
1145,H11598,0
1146,H11814,1
1147,H11859,0
1148,H12186,1
1149,H12187,1
1150,H12188,0
1151,H12189,0
1152,H12232,1
1153,H12329,0
1154,H12330,0
1155,H12331,0
1156,H12549,0
1157,H12550,1
1158,H12551,0
1159,H12594,0
1160,H7594,0
1161,H7595,0
1162,H7622,1
1163,H7623,1
1164,H7624,1
1165,H7625,1
1166,H768,0
1167,H8158,0
1168,H8159,0
1169,H8160,0
1170,H8161,0
1171,H8162,0
1172,H8629,0
1173,H8965,0
1174,H8966,1
1175,H921,0
1176,H926,0
1177,H11645,0
1178,H11646,0
1179,H11923,0
1180,H11500,0
1181,H11501,0
1182,H10808,0
1183,H10811,0
1184,H10813,0
1185,H10814,0
1186,H10817,0
1187,H10818,0
1188,H10840,0
1189,H10842,1
1190,H10843,0
1191,H10844,0
1192,H10845,0
1193,H10847,1
1194,H10848,1
1195,H10849,0
1196,H11279,0
1197,H11737,0
1198,H11742,0
1199,H12082,0
1200,H12447,0
1201,H7831,0
1202,H8390,0
1203,H8391,0
1204,H9203,0
1205,H9225,0
1206,H9484,0
1207,H7912,0
1208,H7913,0
1209,H814,0
1210,H815,0
1211,H11815,0
1212,H11346,0
1213,H7744,0
1214,H10988,0
1215,H1173,0
1216,H7648,0
1217,H9592,0
1218,H9593,0
1219,H9594,1
1220,H9853,1
1221,H11075,0
1222,H9906,1
1223,H10251,0
1224,H10273,0
1225,H11199,0
1226,H1163,1
1227,H1164,1
1228,H1172,0
1229,H12394,0
1230,H8633,0
1231,H8634,0
1232,H10408,0
1233,H11296,0
1234,H12015,0
1235,H10039,0
1236,H10539,1
1237,H10693,0
1238,H10870,1
1239,H10871,1
1240,H11613,0
1241,H8145,0
1242,H11445,1
1243,H11446,0
1244,H10373,1
1245,H11454,1
1246,H11295,0
1247,H10051,0
1248,H8156,0
1249,H9193,0
1250,H1165,0
1251,H1169,0
1252,H1170,0
1253,H12555,0
1254,H10683,0
1255,H11839,1
1256,H11130,1
1257,H11131,1
1258,H9797,0
1259,H8025,0
1260,H7666,1
1261,H10760,0
1262,H11784,0
1263,H11785,0
1264,H11786,0
1265,H75,0
1266,H8429,0
1267,H9463,0
1268,H9465,0
1269,H12445,1
1270,H8430,0
1271,H8431,0
1272,H9462,1
1273,H10442,1
1274,H10749,0
1275,H10750,0
1276,H11987,1
1277,H8010,0
1278,H8012,1
1279,H8013,0
1280,H8014,1
1281,H8015,0
1282,H8016,1
1283,H8017,1
1284,H8019,0
1285,H8021,0
1286,H8023,0
1287,H8024,0
1288,H8028,0
1289,H8029,0
1290,H8030,0
1291,H8031,1
1292,H8032,1
1293,H8033,1
1294,H9624,0
1295,H953,0
1296,H954,0
1297,H956,1
1298,H957,0
1299,H958,1
1300,H959,0
1301,H960,0
1302,H961,0
1303,H962,0
1304,H963,0
1305,H964,0
1306,H965,0
1307,H966,1
1308,H10330,0
1309,H10331,0
1310,H11840,0
1311,H9770,0
1312,H7827,0
1313,H8424,0
1314,H8425,0
1315,H8426,0
1316,H8953,0
1317,H11900,0
1318,H11901,0
1319,H9130,0
1320,H9136,0
1321,H8327,1
1322,H8328,0
1323,H12239,0
1324,H7925,1
1325,H7926,0
1326,H7927,0
1327,H7928,1
1328,H7929,0
1329,H10634,0
1330,H11064,1
1331,H11217,0
1332,H11364,0
1333,H11508,0
1334,H11622,0
1335,H11685,0
1336,H11686,0
1337,H11836,0
1338,H11998,1
1339,H12054,0
1340,H12383,0
1341,H12414,1
1342,H8150,0
1343,H8154,1
1344,H8322,1
1345,H8324,1
1346,H8325,0
1347,H8326,1
1348,H8329,1
1349,H8331,0
1350,H8334,0
1351,H8715,0
1352,H9665,1
1353,H11648,0
1354,H11974,1
1355,H12036,1
1356,H12037,1
1357,H12039,0
1358,H8323,0
1359,H12213,0
1360,H11201,0
1361,H7658,0
1362,H12142,0
1363,H8716,0
1364,H8952,0
1365,H7514,0
1366,H7515,0
1367,H7516,0
1368,H11035,1
1369,H7517,0
1370,H7518,0
1371,H11050,0
1372,H11051,0
1373,H11513,0
1374,H11111,0
1375,H12530,0
1376,H8330,1
1377,H10781,0
1378,H11490,0
1379,H7535,0
1380,H8149,0
1381,H11973,0
1382,H7554,0
1383,H8,0
1384,H12294,1
1385,H7722,1
1386,H11612,1
1387,H7591,0
1388,H9417,0
1389,H93,1
1390,H1078,0
1391,H12012,0
1392,H1256,0
1393,H7631,0
1394,H7828,0
1395,H7829,0
1396,H7830,0
1397,H10938,1
1398,H11391,1
1399,H7524,0
1400,H8687,0
1401,H11041,0
1402,H12312,1
1403,H12313,1
1404,H11850,0
1405,H11650,0
1406,H9197,0
1407,H12515,1
1408,H7593,0
1409,H10838,0
1410,H7976,0
1411,H9860,1
1412,H9861,1
1413,H10163,0
1414,H10164,0
1415,H9564,0
1416,H9570,0
1417,H9571,0
1418,H10307,0
1419,H7793,1
1420,H7794,0
1421,H7795,0
1422,H11067,0
1423,H7861,0
1424,H7863,0
1425,H7943,1
1426,H7945,0
1427,H7968,0
1428,H7969,1
1429,H7970,0
1430,H10094,0
1431,H10311,0
1432,H7910,0
1433,H9527,0
1434,H10685,0
1435,H10531,1
1436,H11216,0
1437,H11255,0
1438,H11524,1
1439,H12361,0
1440,H7495,0
1441,H7519,0
1442,H7774,1
1443,H7778,0
1444,H7807,0
1445,H7891,0
1446,H7971,0
1447,H7973,0
1448,H7978,0
1449,H9406,0
1450,H9407,1
1451,H9502,0
1452,H9505,0
1453,H9506,1
1454,H9510,0
1455,H9511,0
1456,H9512,0
1457,H9522,0
1458,H9531,0
1459,H9532,1
1460,H9569,1
1461,H9613,1
1462,H9615,1
1463,H9621,0
1464,H9622,0
1465,H9700,0
1466,H9844,1
1467,H10585,0
1468,H11184,0
1469,H10857,0
1470,H7776,0
1471,H1183,0
1472,H8604,0
1473,H8605,0
1474,H10740,1
1475,H11264,0
1476,H11525,0
1477,H11528,0
1478,H11530,0
1479,H11531,0
1480,H11532,0
1481,H11879,0
1482,H11880,1
1483,H11882,0
1484,H11939,1
1485,H12369,0
1486,H12370,0
1487,H12575,0
1488,H12576,0
1489,H12577,0
1490,H12578,0
1491,H12579,0
1492,H12580,0
1493,H11376,1
1494,H12268,0
1495,H12456,0
1496,H12457,0
1497,H8985,0
1498,H8984,0
1499,H11993,0
1500,H11996,0
1501,H11303,0
1502,H12367,0
1503,H7557,0
1504,H11860,0
1505,H11630,0
1506,H11631,0
1507,H7741,0
1508,H7742,0
1509,H8648,0
1510,H9918,0
1511,H1010,1
1512,H11477,0
1513,H11963,0
1514,H10345,0
1515,H10346,0
1516,H10394,1
1517,H10534,0
1518,H10552,0
1519,H10588,0
1520,H10610,0
1521,H1088,0
1522,H1102,0
1523,H11943,0
1524,H12071,1
1525,H12518,0
1526,H12519,0
1527,H12558,0
1528,H12559,0
1529,H12560,0
1530,H7762,0
1531,H7763,0
1532,H7852,0
1533,H7894,0
1534,H7895,0
1535,H9468,0
1536,H9473,1
1537,H9780,0
1538,H9781,0
1539,H7857,0
1540,H10047,0
1541,H8970,0
1542,H8972,1
1543,H8974,1
1544,H11665,0
1545,H1084,0
1546,H10936,1
1547,H10937,1
1548,H11336,1
1549,H11846,0
1550,H11847,1
1551,H756,0
1552,H7859,0
1553,H7860,0
1554,H9185,0
1555,H10910,1
1556,H10911,1
1557,H10174,0
1558,H11140,0
1559,H11141,0
1560,H11213,1
1561,H11214,1
1562,H11372,0
1563,H11925,0
1564,H11935,0
1565,H11936,0
1566,H8969,0
1567,H1157,0
1568,H7833,0
1569,H11794,1
1570,H11795,1
1571,H11796,1
1572,H11797,1
1573,H11423,0
1574,H9947,0
1575,H1146,0
1576,H1147,0
1577,H1148,0
1578,H1151,0
1579,H11615,0
1580,H11616,0
1581,H11940,0
1582,H8975,0
1583,H8635,1
1584,H8636,1
1585,H10011,0
1586,H1008,0
1587,H1009,0
1588,H9994,0
1589,H11207,1
1590,H8721,0
1591,H8722,0
1592,H12586,0
1593,H10930,0
1594,H10931,0
1595,H10932,0
1596,H12172,0
1597,H9949,0
1598,H10305,0
1599,H10306,0
1600,H11483,0
1601,H12351,0
1602,H1255,0
1603,H9985,0
1604,H10951,0
1605,H7842,0
1606,H10219,0
1607,H10299,0
1608,H10607,1
1609,H9493,0
1610,H7821,0
1611,H11406,0
1612,H1043,1
1613,H11706,0
1614,H1042,0
1615,H1045,1
1616,H1046,0
1617,H11172,0
1618,H11173,0
1619,H11371,0
1620,H11407,0
1621,H11408,0
1622,H811,0
1623,H10869,0
1624,H7996,0
1625,H10188,1
1626,H12217,0
1627,H8049,0
1628,H9082,0
1629,H12431,0
1630,H9450,0
1631,H9451,1
1632,H7564,0
1633,H8075,0
1634,H8076,0
1635,H10236,0
1636,H10237,0
1637,H11459,0
1638,H7824,0
1639,H9092,0
1640,H9243,0
1641,H9244,0
1642,H9245,0
1643,H9246,0
1644,H9247,0
1645,H9248,0
1646,H9249,1
1647,H9251,0
1648,H9254,0
1649,H9255,0
1650,H9256,0
1651,H11017,0
1652,H11018,0
1653,H10733,0
1654,H10775,0
1655,H10828,0
1656,H11420,1
1657,H11681,1
1658,H11945,1
1659,H11946,0
1660,H11992,1
1661,H12240,1
1662,H12243,1
1663,H1245,0
1664,H7573,0
1665,H7847,0
1666,H7882,0
1667,H8039,0
1668,H8040,0
1669,H8041,0
1670,H8042,0
1671,H8046,0
1672,H8069,0
1673,H8098,0
1674,H8099,0
1675,H8100,1
1676,H8102,1
1677,H8103,0
1678,H8104,1
1679,H8350,1
1680,H8797,0
1681,H9069,0
1682,H9075,0
1683,H9076,0
1684,H9079,0
1685,H9083,0
1686,H9084,0
1687,H9085,0
1688,H9086,0
1689,H9089,0
1690,H9093,0
1691,H9094,0
1692,H9096,0
1693,H9098,0
1694,H9099,0
1695,H9100,0
1696,H9101,1
1697,H9102,1
1698,H9103,1
1699,H9105,0
1700,H9106,0
1701,H9108,0
1702,H9109,0
1703,H9110,0
1704,H9111,0
1705,H9114,1
1706,H11494,0
1707,H12252,0
1708,H11058,0
1709,H11743,1
1710,H8101,0
1711,H9087,0
1712,H9090,1
1713,H9119,0
1714,H9120,0
1715,H11509,1
1716,H11837,1
1717,H8105,0
1718,H8793,0
1719,H12507,0
1720,H10626,1
1721,H11628,0
1722,H12396,0
1723,H12397,0
1724,H12506,0
1725,H8057,0
1726,H11031,0
1727,H11055,1
1728,H12178,0
1729,H12496,0
1730,H8043,0
1731,H9104,0
1732,H8061,0
1733,H8062,0
1734,H8044,0
1735,H8045,1
1736,H8109,0
1737,H11436,0
1738,H12358,0
1739,H7559,0
1740,H8654,0
1741,H7870,0
1742,H11512,1
1743,H8000,0
1744,H8002,0
1745,H8004,0
1746,H8286,0
1747,H8295,0
1748,H12375,0
1749,H8675,0
1750,H10189,0
1751,H7490,0
1752,H12154,0
1753,H12512,0
1754,H11486,0
1755,H11488,0
1756,H8034,0
1757,H8085,0
1758,H8086,0
1759,H8092,0
1760,H1029,0
1761,H1039,0
1762,H1048,0
1763,H1050,0
1764,H1051,0
1765,H1052,0
1766,H7836,0
1767,H11132,0
1768,H11135,1
1769,H11136,1
1770,H11148,0
1771,H11149,0
1772,H11212,0
1773,H8077,0
1774,H8082,0
1775,H8095,0
1776,H8096,0
1777,H8108,0
1778,H11143,1
1779,H11142,0
1780,H11498,0
1781,H1218,0
1782,H1219,0
1783,H1222,1
1784,H1224,1
1785,H1225,0
1786,H1226,1
1787,H1227,0
1788,H7889,1
1789,H11429,0
1790,H9039,0
1791,H8084,0
1792,H8087,0
1793,H8090,0
1794,H8091,0
1795,H8093,0
1796,H11247,1
1797,H1059,1
1798,H1060,0
1799,H11386,0
1800,H11387,0
1801,H11040,1
1802,H8079,0
1803,H8080,0
1804,H8078,1
1805,H11178,0
1806,H11005,1
1807,H11750,0
1808,H10296,0
1809,H10523,0
1810,H10044,0
1811,H10206,0
1812,H10538,1
1813,H11453,0
1814,H9655,0
1815,H9656,0
1816,H9671,0
1817,H10034,0
1818,H10035,0
1819,H10159,0
1820,H10234,0
1821,H10235,0
1822,H10240,0
1823,H10549,1
1824,H10589,0
1825,H10590,0
1826,H10686,1
1827,H10800,0
1828,H10917,0
1829,H11289,0
1830,H11290,0
1831,H11322,0
1832,H11426,0
1833,H11535,1
1834,H11554,0
1835,H11574,0
1836,H11698,0
1837,H11755,0
1838,H11932,0
1839,H12090,0
1840,H12091,1
1841,H12242,0
1842,H12436,1
1843,H12437,1
1844,H12438,1
1845,H7673,0
1846,H7680,0
1847,H7699,0
1848,H7700,0
1849,H7753,1
1850,H7761,0
1851,H9641,0
1852,H9642,1
1853,H9709,1
1854,H9818,0
1855,H9819,0
1856,H9876,0
1857,H9877,0
1858,H9878,1
1859,H9879,0
1860,H9880,0
1861,H9881,0
1862,H9882,0
1863,H9883,0
1864,H9885,0
1865,H9925,0
1866,H10695,0
1867,H10696,0
1868,H10806,0
1869,H9762,0
1870,H7587,0
1871,H7780,0
1872,H12483,0
1873,H10022,1
1874,H10023,1
1875,H10536,0
1876,H10537,0
1877,H11462,0
1878,H11714,0
1879,H11960,1
1880,H12526,0
1881,H7500,0
1882,H7501,0
1883,H7603,0
1884,H8432,0
1885,H8434,0
1886,H11250,1
1887,H11251,0
1888,H10724,1
1889,H10833,0
1890,H11480,0
1891,H11731,0
1892,H12465,0
1893,H8437,0
1894,H8439,0
1895,H8441,0
1896,H890,0
1897,H9795,0
1898,H9854,0
1899,H11810,1
1900,H11811,0
1901,H11961,1
1902,H12068,1
1903,H7873,1
1904,H8436,0
1905,H8297,0
1906,H10954,1
1907,H10955,1
1908,H11541,0
1909,H11544,0
1910,H11677,0
1911,H11702,0
1912,H11703,0
1913,H7510,0
1914,H7511,0
1915,H8440,0
1916,H12516,0
1917,H11942,1
1918,H12349,1
1919,H9572,0
1920,H10824,0
1921,H12293,1
1922,H7736,0
1923,H7751,0
1924,H12527,0
1925,H12528,0
1926,H945,1
1927,H946,1
1928,H10312,1
1929,H10313,1
1930,H10314,0
1931,H10315,0
1932,H10334,0
1933,H11991,0
1934,H12416,1
1935,H10109,0
1936,H10232,0
1937,H10239,0
1938,H10332,0
1939,H10333,0
1940,H10338,0
1941,H10344,1
1942,H10434,0
1943,H10469,0
1944,H10577,0
1945,H10603,0
1946,H10820,0
1947,H10821,0
1948,H11717,0
1949,H7601,0
1950,H7832,0
1951,H7902,0
1952,H8301,0
1953,H885,0
1954,H9179,0
1955,H9180,0
1956,H9653,0
1957,H9970,0
1958,H9971,0
1959,H9972,0
1960,H10013,1
1961,H10033,1
1962,H10037,0
1963,H10069,0
1964,H10165,0
1965,H7735,1
1966,H9869,1
1967,H9870,1
1968,H9871,1
1969,H9874,0
1970,H11028,0
1971,H10704,1
1972,H8611,0
1973,H11534,0
1974,H10073,0
1975,H10074,0
1976,H10075,0
1977,H10429,0
1978,H955,0
1979,H10241,1
1980,H10242,1
1981,H10243,0
1982,H8609,0
1983,H7840,0
1984,H10908,0
1985,H10961,1
1986,H10962,0
1987,H11245,0
1988,H11394,1
1989,H11435,0
1990,H117,1
1991,H122,0
1992,H8300,0
1993,H9889,1
1994,H10435,0
1995,H11150,0
1996,H10707,1
1997,H11427,1
1998,H8299,0
1999,H868,0
2000,H983,0
2001,H8657,1
2002,H8658,1
2003,H10326,0
2004,H11988,0
2005,H10067,0
2006,H10916,0
2007,H1242,0
2008,H7900,0
2009,H7901,1
2010,H8661,0
2011,H8663,0
2012,H9449,0
2013,H10027,0
2014,H11563,0
2015,H11564,0
2016,H1239,1
2017,H7759,0
2018,H8656,0
2019,H8660,1
2020,H8449,0
2021,H10147,0
2022,H9409,0
2023,H95,0
2024,H8807,0
2025,H8808,0
2026,H10823,0
2027,H12450,0
2028,H11570,0
2029,H92,0
2030,H11219,0
2031,H11220,0
2032,H11221,0
2033,H11404,0
2034,H8805,0
2035,H8452,0
2036,H10553,0
2037,H10554,1
2038,H7487,1
2039,H7488,1
2040,H7489,1
2041,H9420,0
2042,H9411,1
2043,H9421,0
2044,H9422,0
2045,H11798,0
2046,H10217,0
2047,H10674,0
2048,H9867,0
2049,H1185,1
2050,H1186,0
2051,H1199,0
2052,H1200,0
2053,H1201,0
2054,H12238,1
2055,H973,0
2056,H975,1
2057,H976,0
2058,H977,1
2059,H9257,0
2060,H9258,0
2061,H10779,0
2062,H9951,0
2063,H9952,1
2064,H9953,1
2065,H10950,0
2066,H8626,1
2067,H10629,1
2068,H11474,0
2069,H7745,0
2070,H869,0
2071,H870,0
2072,H873,0
2073,H8950,0
2074,H8951,0
2075,H979,0
2076,H7620,1
2077,H971,1
2078,H972,1
2079,H10547,0
2080,H12350,0
2081,H8706,1
2082,H8152,0
2083,H8707,0
2084,H9410,1
2085,H9540,0
2086,H9541,1
2087,H1063,1
2088,H1064,1
2089,H11995,0
2090,H9478,1
2091,H9479,1
2092,H9787,0
2093,H11955,0
2094,H754,0
2095,H11656,0
2096,H12074,0
2097,H12591,0
2098,H7907,0
2099,H9408,0
2100,H10889,0
2101,H1012,0
2102,H1021,0
2103,H1023,1
2104,H1025,0
2105,H1034,0
2106,H1035,1
2107,H1037,1
2108,H10151,0
2109,H10381,0
2110,H11332,0
2111,H12344,0
2112,H12345,0
2113,H845,1
2114,H866,0
2115,H941,0
2116,H9520,0
2117,H9583,0
2118,H9584,0
2119,H9590,0
2120,H9666,0
2121,H9738,1
2122,H9802,0
2123,H9933,0
2124,H9940,0
2125,H779,0
2126,H912,0
2127,H1075,0
2128,H7826,0
2129,H1081,1
2130,H1068,0
2131,H1072,1
2132,H1073,1
2133,H8288,0
2134,H12362,0
2135,H9628,0
2136,H11663,0
2137,H11865,0
2138,H12589,1
2139,H10885,0
2140,H10886,0
2141,H797,0
2142,H11760,1
2143,H11761,0
2144,H11762,0
2145,H11160,0
2146,H11161,0
2147,H11162,0
2148,H7885,0
2149,H10952,0
2150,H1243,0
2151,H924,0
2152,H11588,0
2153,H12590,0
2154,H11499,1
2155,H12433,0
2156,H1067,1
2157,H942,0
2158,H943,0
2159,H10292,0
2160,H10293,0
2161,H10294,0
2162,H10433,1
2163,H10675,0
2164,H10751,0
2165,H10752,0
2166,H10753,0
2167,H11481,0
2168,H11102,0
2169,H11047,1
2170,H11048,1
2171,H7687,1
2172,H9618,0
2173,H9619,0
2174,H10041,0
2175,H10042,0
2176,H1237,0
2177,H7599,0
2178,H11215,0
2179,H11315,1
2180,H11316,1
2181,H10920,1
2182,H10921,1
2183,H12050,1
2184,H12051,0
2185,H11624,1
2186,H8649,0
2187,H8650,0
2188,H9430,0
2189,H10009,0
2190,H9265,0
2191,H9268,0
2192,H9352,0
2193,H106,0
2194,H107,0
2195,H12001,1
2196,H7606,0
2197,H11146,0
2198,H11147,1
2199,H7597,1
2200,H10874,0
2201,H10875,0
2202,H11675,0
2203,H9005,1
2204,H9006,1
2205,H9007,1
2206,H9008,0
2207,H9299,0
2208,H11892,0
2209,H9434,1
2210,H9480,0
2211,H9481,0
2212,H10913,0
2213,H11324,1
2214,H11378,1
2215,H11379,0
2216,H11557,1
2217,H7556,1
2218,H7806,0
2219,H8140,0
2220,H12046,0
2221,H12316,1
2222,H9296,0
2223,H9435,0
2224,H12044,0
2225,H12206,0
2226,H12207,0
2227,H12539,1
2228,H7739,0
2229,H9273,1
2230,H9277,0
2231,H9286,0
2232,H9291,0
2233,H9298,1
2234,H9344,1
2235,H12048,1
2236,H9274,0
2237,H9284,0
2238,H9304,0
2239,H11536,1
2240,H11548,0
2241,H11842,0
2242,H11894,1
2243,H12060,1
2244,H12061,1
2245,H12230,0
2246,H901,0
2247,H902,0
2248,H903,0
2249,H9318,1
2250,H9319,1
2251,H9400,1
2252,H10739,1
2253,H11089,1
2254,H11117,0
2255,H11226,1
2256,H11502,1
2257,H11603,0
2258,H11869,0
2259,H12022,0
2260,H12304,0
2261,H12306,0
2262,H7642,0
2263,H7754,1
2264,H7755,1
2265,H7756,1
2266,H7813,1
2267,H8671,1
2268,H9020,0
2269,H9269,1
2270,H9270,1
2271,H9303,0
2272,H11325,0
2273,H11326,1
2274,H11340,0
2275,H11455,1
2276,H11456,1
2277,H11908,0
2278,H11909,0
2279,H11983,1
2280,H7848,1
2281,H7849,1
2282,H7850,0
2283,H864,0
2284,H865,1
2285,H8795,0
2286,H8998,0
2287,H9275,1
2288,H9278,0
2289,H11593,1
2290,H11594,1
2291,H12196,1
2292,H12197,0
2293,H7671,1
2294,H9287,0
2295,H10933,0
2296,H11350,0
2297,H11884,0
2298,H11885,0
2299,H11886,0
2300,H11893,1
2301,H11952,0
2302,H11953,0
2303,H12045,0
2304,H8999,0
2305,H9000,1
2306,H1019,1
2307,H10872,0
2308,H10873,0
2309,H10922,0
2310,H11439,1
2311,H11558,0
2312,H11730,1
2313,H7529,0
2314,H7539,0
2315,H7544,1
2316,H8995,1
2317,H9282,1
2318,H9289,1
2319,H9321,0
2320,H9342,0
2321,H9343,0
2322,H11907,0
2323,H8683,0
2324,H8684,1
2325,H918,0
2326,H9280,1
2327,H9301,0
2328,H11443,0
2329,H11605,1
2330,H11606,1
2331,H11941,1
2332,H12102,1
2333,H12136,0
2334,H12412,0
2335,H9001,1
2336,H9288,1
2337,H9290,0
2338,H9292,1
2339,H10057,0
2340,H10058,0
2341,H10145,0
2342,H10378,1
2343,H10379,1
2344,H1096,0
2345,H1097,0
2346,H11495,0
2347,H11496,0
2348,H11497,0
2349,H12307,1
2350,H10430,0
2351,H10431,1
2352,H10432,0
2353,H10450,1
2354,H10464,1
2355,H10541,0
2356,H10609,0
2357,H10628,1
2358,H8632,0
2359,H10656,0
2360,H1095,0
2361,H12333,0
2362,H12334,0
2363,H12335,0
2364,H852,0
2365,H853,0
2366,H10459,0
2367,H9967,0
2368,H7520,0
2369,H7521,0
2370,H7522,0
2371,H10830,0
2372,H9361,0
2373,H7880,0
2374,H9052,0
2375,H9053,0
2376,H9054,0
2377,H9807,0
2378,H11547,0
2379,H12262,0
2380,H12263,0
2381,H9966,0
2382,H9405,0
2383,H9050,0
2384,H9051,0
2385,H11049,0
2386,H9314,1
2387,H8677,1
2388,H8670,1
2389,H8667,0
2390,H8678,0
2391,H9351,1
2392,H9398,0
2393,H9424,0
2394,H8993,0
2395,H8994,0
2396,H9395,0
2397,H9396,0
2398,H10246,0
2399,H10247,0
2400,H10248,0
2401,H9308,1
2402,H8680,0
2403,H8681,0
2404,H8682,0
2405,H9377,0
2406,H9378,0
2407,H12363,0
2408,H11747,1
2409,H11748,1
2410,H11113,0
2411,H9012,0
2412,H9310,0
2413,H10176,0
2414,H11949,0
2415,H7720,0
2416,H11321,0
2417,H9359,0
2418,H8665,1
2419,H9374,0
2420,H9375,0
2421,H9376,0
2422,H10416,1
2423,H10417,1
2424,H10418,0
2425,H10085,0
2426,H10204,0
2427,H10265,1
2428,H10413,1
2429,H10426,0
2430,H10503,0
2431,H10507,0
2432,H7532,1
2433,H7654,0
2434,H11658,0
2435,H11659,0
2436,H11181,1
2437,H11210,0
2438,H1217,0
2439,H11804,0
2440,H10193,0
2441,H10194,0
2442,H10280,0
2443,H10281,0
2444,H10474,0
2445,H10658,0
2446,H10894,1
2447,H10895,1
2448,H11082,0
2449,H11083,0
2450,H11327,0
2451,H11452,1
2452,H11584,0
2453,H11590,0
2454,H11873,0
2455,H12368,0
2456,H7531,1
2457,H7982,0
2458,H7988,0
2459,H7991,0
2460,H7992,0
2461,H11626,0
2462,H7921,1
2463,H12126,1
2464,H12127,1
2465,H7497,0
2466,H12124,0
2467,H12125,0
2468,H7964,0
2469,H11523,1
2470,H9792,1
2471,H10662,0
2472,H10663,1
2473,H10036,0
2474,H10122,1
2475,H10358,1
2476,H10377,1
2477,H10620,0
2478,H10677,1
2479,H12237,1
2480,H7649,0
2481,H7651,0
2482,H7663,0
2483,H9772,0
2484,H9773,0
2485,H10115,1
2486,H10392,0
2487,H10393,0
2488,H10463,0
2489,H11063,0
2490,H11809,0
2491,H12056,0
2492,H12057,0
2493,H8383,0
2494,H7839,0
2495,H10697,0
2496,H10698,0
2497,H10970,0
2498,H11003,1
2499,H11433,0
2500,H7812,1
2501,H8385,0
2502,H7886,0
2503,H7887,1
2504,H7888,1
2505,H9829,0
2506,H9859,0
2507,H10827,0
2508,H10355,1
2509,H9643,0
2510,H9644,0
2511,H10177,1
2512,H11417,0
2513,H11419,0
2514,H12047,1
2515,H9712,1
2516,H11478,1
2517,H7644,0
2518,H7980,0
2519,H11095,0
2520,H11096,0
2521,H11097,0
2522,H12112,1
2523,H8281,0
2524,H8282,0
2525,H10212,0
2526,H10286,1
2527,H10302,0
2528,H10356,1
2529,H10357,1
2530,H7883,0
2531,H8169,0
2532,H7908,0
2533,H7909,0
2534,H10157,1
2535,H11165,0
2536,H11166,0
2537,H11709,0
2538,H11710,0
2539,H11776,0
2540,H7590,1
2541,H7864,1
2542,H9865,0
2543,H9866,1
2544,H10369,0
2545,H7983,0
2546,H7984,0
2547,H7985,1
2548,H7986,1
2549,H7990,0
2550,H7993,0
2551,H7994,0
2552,H10065,0
2553,H10066,0
2554,H11127,0
2555,H7543,1
2556,H7981,1
2557,H9849,1
2558,H12581,1
2559,H10116,1
2560,H10290,0
2561,H10295,1
2562,H10723,0
2563,H10949,0
2564,H11228,1
2565,H11249,0
2566,H11267,1
2567,H11468,0
2568,H11903,0
2569,H11950,0
2570,H123,0
2571,H124,0
2572,H12415,0
2573,H12430,0
2574,H1246,0
2575,H125,0
2576,H7711,1
2577,H7712,1
2578,H7814,0
2579,H7815,1
2580,H7868,0
2581,H7946,0
2582,H7947,0
2583,H7948,0
2584,H7950,0
2585,H7951,0
2586,H7952,0
2587,H7953,0
2588,H7955,1
2589,H7958,0
2590,H7961,1
2591,H7963,1
2592,H8384,0
2593,H9702,0
2594,H9848,0
2595,H10360,0
2596,H10771,0
2597,H11110,0
2598,H11684,0
2599,H12106,0
2600,H7677,0
2601,H7678,0
2602,H10352,0
2603,H10353,0
2604,H11072,0
2605,H9725,0
2606,H10935,0
2607,H9049,0
2608,H11115,0
2609,H9907,1
2610,H12490,0
2611,H12599,1
2612,H10647,0
2613,H10182,1
2614,H10186,0
2615,H10187,0
2616,H10210,1
2617,H10420,0
2618,H9757,0
2619,H9758,0
2620,H10062,1
2621,H9752,0
2622,H9776,0
2623,H9793,1
2624,H9794,1
2625,H119,1
2626,H862,1
2627,H11235,0
2628,H10737,0
2629,H10900,0
2630,H11248,1
2631,H1159,1
2632,H1160,1
2633,H1166,0
2634,H1167,0
2635,H1171,0
2636,H1174,0
2637,H1175,0
2638,H1177,0
2639,H1180,0
2640,H1181,0
2641,H1182,0
2642,H1184,1
2643,H1187,0
2644,H1188,0
2645,H11887,0
2646,H1189,0
2647,H1190,1
2648,H1193,0
2649,H1194,0
2650,H1195,0
2651,H1196,1
2652,H11965,1
2653,H1197,1
2654,H1198,1
2655,H1203,0
2656,H1205,1
2657,H1206,1
2658,H1207,0
2659,H1208,0
2660,H1209,0
2661,H1210,0
2662,H765,0
2663,H803,1
2664,H835,0
2665,H837,0
2666,H838,0
2667,H839,0
2668,H840,0
2669,H861,0
2670,H875,1
2671,H900,0
2672,H907,0
2673,H929,1
2674,H922,1
2675,H10777,0
2676,H11076,1
2677,H11077,1
2678,H11833,0
2679,H11834,0
2680,H12017,0
2681,H1233,0
2682,H1235,0
2683,H1236,0
2684,H914,0
2685,H9178,1
2686,H939,1
2687,H940,1
2688,H1247,0
2689,H7789,1
2690,H7790,0
2691,H10993,0
2692,H10077,0
2693,H10173,0
2694,H11999,0
2695,H11632,0
2696,H9828,1
2697,H9820,0
2698,H10031,0
2699,H10032,0
2700,H10053,1
2701,H10156,1
2702,H10162,0
2703,H10253,0
2704,H10254,0
2705,H10266,1
2706,H10348,1
2707,H10349,0
2708,H10350,0
2709,H10384,0
2710,H10389,0
2711,H10419,0
2712,H10532,1
2713,H10586,1
2714,H10633,1
2715,H10651,0
2716,H10754,0
2717,H10804,1
2718,H12008,0
2719,H12043,0
2720,H1215,0
2721,H805,0
2722,H834,0
2723,H9578,0
2724,H9703,1
2725,H9726,0
2726,H9831,0
2727,H9915,0
2728,H10148,0
2729,H10274,0
2730,H10423,1
2731,H10366,1
2732,H10678,1
2733,H9962,1
2734,H9346,0
2735,H9347,0
2736,H10758,0
2737,H11106,1
2738,H11277,0
2739,H9345,0
2740,H7781,0
2741,H7782,0
2742,H7783,0
2743,H8673,0
2744,H8674,0
2745,H9403,0
2746,H10783,0
2747,H10784,0
2748,H9067,0
2749,H9066,1
2750,H9013,1
2751,H9014,0
2752,H11674,0
2753,H10705,1
2754,H10803,0
2755,H11191,1
2756,H11922,0
2757,H7551,0
2758,H7721,0
2759,H9009,0
2760,H11897,0
2761,H9285,0
2762,H11365,0
2763,H7936,0
2764,H7740,0
2765,H11091,0
2766,H10825,0
2767,H10826,1
2768,H7586,0
2769,H8651,0
2770,H7585,0
2771,H7667,0
2772,H7799,0
2773,H7800,0
2774,H10788,0
2775,H9371,0
2776,H9372,0
2777,H8987,0
2778,H8988,0
2779,H11054,0
2780,H11868,0
2781,H10855,1
2782,H10902,0
2783,H11592,0
2784,H7696,0
2785,H9162,0
2786,H11870,1
2787,H12413,1
2788,H7582,0
2789,H1257,1
2790,H11007,0
2791,H12190,0
2792,H9003,0
2793,H11640,1
2794,H11896,0
2795,H7892,0
2796,H9427,0
2797,H10876,1
2798,H10915,0
2799,H10973,1
2800,H7726,0
2801,H7727,0
2802,H10640,0
2803,H11200,1
2804,H7768,0
2805,H9293,0
2806,H9294,0
2807,H9297,0
2808,H9369,1
2809,H9370,0
2810,H11876,0
2811,H9401,0
2812,H10711,0
2813,H11917,0
2814,H7999,0
2815,H7583,1
2816,H7584,1
2817,H12209,0
2818,H10228,0
2819,H10229,0
2820,H11510,0
2821,H9426,0
2822,H10688,0
2823,H11661,0
2824,H8008,1
2825,H8009,0
2826,H8005,0
2827,H11669,0
2828,H11693,0
2829,H11817,1
2830,H12343,1
2831,H9300,0
2832,H9323,1
2833,H9373,0
2834,H9391,0
2835,H9364,0
2836,H9366,0
2837,H9367,0
2838,H11440,0
2839,H7575,0
2840,H9338,0
2841,H11311,0
2842,H11726,0
2843,H11904,1
2844,H11905,0
2845,H12118,0
2846,H9302,0
2847,H9317,0
2848,H9466,0
2849,H9313,0
2850,H8666,0
2851,H1117,0
2852,H11866,0
2853,H9305,0
2854,H8006,0
2855,H799,0
2856,H9017,0
2857,H10799,1
2858,H9362,0
2859,H10191,0
2860,H9555,0
2861,H12121,0
2862,H12122,0
2863,H10763,1
2864,H11218,1
2865,H11715,1
2866,H9381,0
2867,H12486,0
2868,H10769,0
2869,H10770,0
2870,H11765,0
2871,H11766,0
2872,H9332,1
2873,H11273,0
2874,H12544,1
2875,H11345,1
2876,H10835,0
2877,H9334,0
2878,H7676,0
2879,H806,0
2880,H807,0
2881,H9024,0
2882,H9327,1
2883,H9328,0
2884,H9330,0
2885,H9331,0
2886,H9335,0
2887,H11888,0
2888,H7728,0
2889,H12339,0
2890,H12553,0
2891,H9392,0
2892,H10946,0
2893,H9311,0
2894,H9312,0
2895,H8138,0
2896,H9266,0
2897,H9267,0
2898,H12191,0
2899,H9262,0
2900,H9348,0
2901,H9349,0
2902,H9397,0
2903,H8003,0
2904,H1114,0
2905,H11979,1
2906,H9264,0
2907,H9453,0
2908,H9459,0
2909,H11356,0
2910,H11093,1
2911,H7579,0
2912,H8990,0
2913,H11437,0
2914,H11614,0
2915,H8652,1
2916,H10095,1
2917,H10102,0
2918,H10259,1
2919,H10309,0
2920,H10455,0
2921,H10525,0
2922,H10526,0
2923,H10527,0
2924,H10528,0
2925,H10529,0
2926,H10878,0
2927,H10879,0
2928,H10880,0
2929,H11098,0
2930,H11168,1
2931,H11430,0
2932,H11577,1
2933,H11994,0
2934,H12004,0
2935,H12132,0
2936,H12484,1
2937,H12499,1
2938,H7618,0
2939,H7634,0
2940,H7635,0
2941,H7636,0
2942,H8354,0
2943,H8355,0
2944,H8356,0
2945,H8357,0
2946,H8358,1
2947,H8359,0
2948,H8360,0
2949,H8361,0
2950,H8362,0
2951,H8363,0
2952,H8364,0
2953,H8369,1
2954,H8370,0
2955,H8373,0
2956,H8375,1
2957,H8377,0
2958,H8379,0
2959,H8380,0
2960,H8381,0
2961,H9768,1
2962,H10676,0
2963,H9903,0
2964,H9904,0
2965,H9908,0
2966,H9909,0
2967,H8371,1
2968,H9833,0
2969,H10026,0
2970,H11307,1
2971,H11450,0
2972,H12080,0
2973,H12129,0
2974,H8171,1
2975,H8172,0
2976,H8174,1
2977,H8177,0
2978,H8178,0
2979,H8179,0
2980,H8180,1
2981,H8181,0
2982,H8182,0
2983,H8183,1
2984,H8184,1
2985,H8185,0
2986,H8186,0
2987,H8187,1
2988,H8191,0
2989,H8192,0
2990,H8193,0
2991,H8194,0
2992,H8195,0
2993,H8199,0
2994,H8200,0
2995,H8202,0
2996,H8203,0
2997,H8204,0
2998,H8205,0
2999,H8206,1
3000,H8208,0
3001,H8210,1
3002,H8211,1
3003,H8213,0
3004,H8215,1
3005,H8216,0
3006,H8217,0
3007,H8218,0
3008,H8219,0
3009,H8221,0
3010,H8222,0
3011,H8223,1
3012,H8224,1
3013,H8225,0
3014,H8228,1
3015,H8229,1
3016,H8230,1
3017,H8232,1
3018,H8233,0
3019,H8234,0
3020,H8235,1
3021,H8238,0
3022,H8239,1
3023,H8240,0
3024,H8241,0
3025,H8246,0
3026,H8248,1
3027,H8249,0
3028,H8250,1
3029,H8253,0
3030,H8255,1
3031,H8256,0
3032,H8260,0
3033,H8261,0
3034,H8262,0
3035,H8264,0
3036,H8268,0
3037,H8269,0
3038,H8270,1
3039,H8271,1
3040,H8272,1
3041,H8273,0
3042,H8283,0
3043,H8196,0
3044,H8226,1
3045,H8236,1
3046,H8237,1
3047,H8266,0
3048,H8278,0
3049,H8280,0
3050,H8214,1
3051,H8263,0
3052,H11121,0
3053,H8243,0
3054,H8244,0
3055,H8245,0
3056,H10502,1
3057,H10716,1
3058,H10718,1
3059,H11182,0
3060,H11333,0
3061,H11416,1
3062,H11568,1
3063,H11582,0
3064,H11583,0
3065,H11720,1
3066,H11721,1
3067,H12408,0
3068,H9021,1
